0,dji phantom 4 pro,https://i.ebayimg.com/thumbs/images/g/l14AAOSwNllgjnJJ/s-l225.jpg,https://www.ebay.com/itm/124706138384, $872.76 $33.71 shipping
1,DJI Phantom 4 Pro 2.0  Racing Goggles Bundle,https://i.ebayimg.com/thumbs/images/g/zesAAOSwy1BgdeFw/s-l225.jpg,https://www.ebay.com/itm/224443672090, $281.69 $49.36 shipping
2,Dji Mavic Air 2,https://i.ebayimg.com/thumbs/images/g/XOEAAOSwewhgjRVB/s-l225.jpg,https://www.ebay.com/itm/402818284297, $255.81 Free shipping
3,DJI PHANTOM 4 Advanced Pro 4K,https://i.ebayimg.com/thumbs/images/g/cJgAAOSw~E5ggFkA/s-l225.jpg,https://www.ebay.com/itm/265138680141, $601.90 $120.38 shipping See more like this
4,Parrot disco chuck-transplant “Night Fury” 4g LTE,https://i.ebayimg.com/thumbs/images/g/KA0AAOSweNNgiXV3/s-l225.jpg,https://www.ebay.com/itm/284275419406, $722.28 $129.41 shipping
5,DJI Phantom 4 PRO,https://i.ebayimg.com/thumbs/images/g/KpUAAOSw~yxgcV~P/s-l225.jpg,https://www.ebay.com/itm/164844472452," $1,023.23 $78.25 shipping or Buy It Now"
6,"DJI MAVIC 2 ZOOM, como nuevo, embalaje original",https://i.ebayimg.com/thumbs/images/g/QwgAAOSwxmdgitSJ/s-l225.jpg,https://www.ebay.com/itm/284276704100, $902.85 $49.54 shipping or Best Offer
7,Skydio 2 Beacon,https://ir.ebaystatic.com/cr/v/c1/s_1x2.gif,https://www.ebay.com/itm/194037704044, $263.63 $48.15 shipping
8,Mavic Air 2 Fly More Combo + 2 x SanDisk Extreme PRO 128GB + Case,https://ir.ebaystatic.com/cr/v/c1/s_1x2.gif,https://www.ebay.com/itm/174754261125," $1,054.74 $32.70 shipping"
9,"Original Dji Phantom 4 Replacement Body, Komplett",https://ir.ebaystatic.com/cr/v/c1/s_1x2.gif,https://www.ebay.com/itm/264373324706, $361.13 $36.11 shipping or Best Offer Only 1 left! See more like this
10,DJI GOGGLES,https://ir.ebaystatic.com/cr/v/c1/s_1x2.gif,https://www.ebay.com/itm/224425937376, $481.52 $120.38 shipping
11,SwellPro Spry + Plus Wasserdichte 4K-Kameradrohne zum Unterwasserfischen,https://ir.ebaystatic.com/cr/v/c1/s_1x2.gif,https://www.ebay.com/itm/353198601943," $1,134.43 $60.19 shipping 38 watching"
12,DJI Spark  trés bon état  livré avec 4 hélices et une Batterie .,https://ir.ebaystatic.com/cr/v/c1/s_1x2.gif,https://www.ebay.com/itm/154427964064, $337.06 $24.08 shipping
13,"Yuneec Typhoon Q500+ Quadrocopter (Komplett Set, Weiß) ",https://ir.ebaystatic.com/cr/v/c1/s_1x2.gif,https://www.ebay.com/itm/353399389540, $234.73 $19.25 shipping or Best Offer 11 watching
14,Xiaomi FIMI X8SE 2020 Kameraflug Quadrocopter 8 km Reichweite 4K Kamera UHD,https://ir.ebaystatic.com/cr/v/c1/s_1x2.gif,https://www.ebay.com/itm/133741347523, $480.32 $58.99 shipping See more like this
15,CHASING M2 P100 ROV 100 Meter Unterwasser 4K UHD Kamera Drohne Rettungsroboter,https://ir.ebaystatic.com/cr/v/c1/s_1x2.gif,https://www.ebay.com/itm/353170974001," $4,235.11 Free shipping 27 watching"
16,DJI Zenmuse X5 Camera and 3-Axis Gimbal with 15mm f/1.7 Lens,https://ir.ebaystatic.com/cr/v/c1/s_1x2.gif,https://www.ebay.com/itm/123957525567, $662.09 $36.11 shipping 52 watching See more like this
17,Original DJI Phantom 3 Standard ESC Zentrum Board Part 76,https://ir.ebaystatic.com/cr/v/c1/s_1x2.gif,https://www.ebay.com/itm/263511562641, $132.41 $36.11 shipping or Best Offer Only 3 left See more like this
18,Dji mavic pro fly more combo + accessori  + eliche ricambio,https://ir.ebaystatic.com/cr/v/c1/s_1x2.gif,https://www.ebay.com/itm/154389196233, $717.46 $60.19 shipping or Best Offer
19,DJI Phantom III Advanced Quadrocopter mit 1080P HD Kamera -  Weiß,https://ir.ebaystatic.com/cr/v/c1/s_1x2.gif,https://www.ebay.com/itm/265138847915, $299.75 $120.38 shipping See more like this
20,DJI Spark Drohne – Fly More Combo – weiß,https://ir.ebaystatic.com/cr/v/c1/s_1x2.gif,https://www.ebay.com/itm/233986806797, $343.08 Free shipping or Best Offer See more like this
21,YUNEEC H520E + 2 Akkus + ST16E Fernsteuerung,https://ir.ebaystatic.com/cr/v/c1/s_1x2.gif,https://www.ebay.com/itm/303908161301," $2,839.76 $43.34 shipping 4 watching See more like this"
22,Hubsan ZINO 2 Quadrocopter 8KM 5G WiFi FPV mit 4K 60fps UHD Kamera 3-Achsen Gimb,https://ir.ebaystatic.com/cr/v/c1/s_1x2.gif,https://www.ebay.com/itm/133730261617, $480.32 $58.99 shipping
23,RC GPS Drohne mit 4K Kamera 2-Achsen-Gimbal EIS 5G FPV bürstenlos Quadrocopter,https://ir.ebaystatic.com/cr/v/c1/s_1x2.gif,https://www.ebay.com/itm/393007046416, $347.90 Free shipping or Best Offer
24,Sonoff Pow R2 WiFi Wireless Switch ON/Off 15A Smart Home With Real Time Power,https://ir.ebaystatic.com/cr/v/c1/s_1x2.gif,https://www.ebay.com/itm/164563864082, $27.86 to $238.79 Free shipping
25,DJI Mavic Air 2 Quadcopter 48 Mpx - Grigio Nuovo in garanzia ,https://ir.ebaystatic.com/cr/v/c1/s_1x2.gif,https://www.ebay.com/itm/303941414956," $1,035.27 $36.11 shipping See more like this"
26,Dji Mavic Air Dron - ONYX BLACK,https://ir.ebaystatic.com/cr/v/c1/s_1x2.gif,https://www.ebay.com/itm/174688349158, $601.90 $24.08 shipping
27,DJI Phantom 4 Pro Obsidian Edition HDMI inkl. 2 Akkus und ND Filter NEUWERTIG!!!,https://ir.ebaystatic.com/cr/v/c1/s_1x2.gif,https://www.ebay.com/itm/294134866252," $1,197.78 $20.46 shipping or Best Offer See more like this"
28,Holy Stone HS720 FPV GPS Drohne mit 4K Kamera HD Bürstenlos Quadrocopter 2 Akkus,https://ir.ebaystatic.com/cr/v/c1/s_1x2.gif,https://www.ebay.com/itm/393277484991, $251.59 Free shipping
29,Airselfie Airpix Quadricottero per foto riprese aeree powerbank Incluso,https://ir.ebaystatic.com/cr/v/c1/s_1x2.gif,https://www.ebay.com/itm/143749268417, $204.65 $14.45 shipping 3 watching
30,"CRYSTALSKY DJI Moniteur ULTRA LUMINOSITE 2000cd 7,85''",https://ir.ebaystatic.com/cr/v/c1/s_1x2.gif,https://www.ebay.com/itm/203286826980," $1,083.42 $120.38 shipping or Best Offer"
31,DJI Spark Fly More Combo,https://ir.ebaystatic.com/cr/v/c1/s_1x2.gif,https://www.ebay.com/itm/233913938930, $421.33 $30.10 shipping or Best Offer
32,"GPS Drohne mit Kamera 1080P,Quadrocopter,WiFi,Höhenhaltung,3 Geschwindigkeiten",https://ir.ebaystatic.com/cr/v/c1/s_1x2.gif,https://www.ebay.com/itm/154428390592, $99.90 $48.14 shipping or Best Offer
33,Original Parrot Anafi - FPV Brille / Goggles / Cockpitglasses,https://ir.ebaystatic.com/cr/v/c1/s_1x2.gif,https://www.ebay.com/itm/264677053102, $95.10 $36.11 shipping or Best Offer Only 1 left! See more like this
34,2021 Faltbare KAI ONE Pro GPS Drohne 3 Achsen Gimbal Doppelkamera 8K HD 4K Video,https://ir.ebaystatic.com/cr/v/c1/s_1x2.gif,https://www.ebay.com/itm/154381590290, $196.59 Free shipping
35,"PGYTECH DJI Mavic Mini & DJI Mini 2 ND Filter Set (ND8, ND16, ND32, ND64)",https://ir.ebaystatic.com/cr/v/c1/s_1x2.gif,https://www.ebay.com/itm/294145732598, $54.05 $17.94 shipping 9 watching See more like this
36,Torvol LiPo Akku Battery Safe Pouch Brandschutz Tasche f. FPV Racing Drohnen,https://ir.ebaystatic.com/cr/v/c1/s_1x2.gif,https://www.ebay.com/itm/293899144255, $33.59 $17.94 shipping
37,PGYTECH Tablet Smartphone Halterung DJI Mavic Air 2 Mavic Mini Mini 2 Drohne,https://ir.ebaystatic.com/cr/v/c1/s_1x2.gif,https://www.ebay.com/itm/293354040680, $23.96 $17.94 shipping 169 sold See more like this
38,4K GPS Drohnen mit HD Faltbare Quadcopter Bürstenlosen Motor Punkte von,https://ir.ebaystatic.com/cr/v/c1/s_1x2.gif,https://www.ebay.com/itm/333975887634, $126.11 to $159.68 Free shipping
39,Original DJI Inspire 1 Part 40 Zenmuse X3 Gimbal and Camera,https://ir.ebaystatic.com/cr/v/c1/s_1x2.gif,https://www.ebay.com/itm/264373373186, $600.70 $36.11 shipping or Best Offer Only 2 left
